Date,^NDX
2000-04-03,4077.02001953125
2000-04-04,4034.169921875
2000-04-05,4030.260009765625
2000-04-06,4086.72998046875
2000-04-07,4291.52978515625
2000-04-10,3998.260009765625
2000-04-11,3909.2099609375
2000-04-12,3633.6298828125
2000-04-13,3553.81005859375
2000-04-14,3207.9599609375
2000-04-17,3529.449951171875
2000-04-18,3715.81005859375
2000-04-19,3583.070068359375
2000-04-20,3505.2900390625
2000-04-24,3353.530029296875
2000-04-25,3621.56005859375
2000-04-26,3505.7099609375
2000-04-27,3692.570068359375
2000-04-28,3773.179931640625
2000-05-01,3829.840087890625
2000-05-02,3627.31005859375
2000-05-03,3562.159912109375
2000-05-04,3570.72998046875
2000-05-05,3688.360107421875
2000-05-08,3521.60009765625
2000-05-09,3445.260009765625
2000-05-10,3244.72998046875
2000-05-11,3381.570068359375
2000-05-12,3406.25
2000-05-15,3512.110107421875
2000-05-16,3646.889892578125
2000-05-17,3550.5
2000-05-18,3426.35009765625
2000-05-19,3260.639892578125
2000-05-22,3264.7099609375
2000-05-23,3023.419921875
2000-05-24,3180.31005859375
2000-05-25,3099.280029296875
2000-05-26,3101.43994140625
2000-05-30,3414.030029296875
2000-05-31,3324.080078125
2000-06-01,3518.97998046875
2000-06-02,3755.669921875
2000-06-05,3730.31005859375
2000-06-06,3646.320068359375
2000-06-07,3736.010009765625
2000-06-08,3707.31005859375
2000-06-09,3760.260009765625
2000-06-12,3638.419921875
2000-06-13,3765.81005859375
2000-06-14,3677.489990234375
2000-06-15,3752.010009765625
2000-06-16,3787.360107421875
2000-06-19,3933.699951171875
2000-06-20,3933.830078125
2000-06-21,3970.0
2000-06-22,3804.110107421875
2000-06-23,3685.300048828125
2000-06-26,3771.449951171875
2000-06-27,3699.0
2000-06-28,3771.06005859375
2000-06-29,3665.830078125
2000-06-30,3763.7900390625
2000-07-03,3804.780029296875
2000-07-05,3649.800048828125
2000-07-06,3793.47998046875
2000-07-07,3841.27001953125
2000-07-10,3772.199951171875
2000-07-11,3744.530029296875
2000-07-12,3901.1201171875
2000-07-13,3956.669921875
2000-07-14,4041.14990234375
2000-07-17,4061.8798828125
2000-07-18,3960.9599609375
2000-07-19,3843.97998046875
2000-07-20,3995.4599609375
2000-07-21,3908.75
2000-07-24,3790.6201171875
2000-07-25,3865.389892578125
2000-07-26,3818.31005859375
2000-07-27,3681.6298828125
2000-07-28,3477.31005859375
2000-07-31,3609.35009765625
2000-08-01,3521.14990234375
2000-08-02,3490.340087890625
2000-08-03,3623.5
2000-08-04,3618.6298828125
2000-08-07,3710.389892578125
2000-08-08,3686.3701171875
2000-08-09,3693.0400390625
2000-08-10,3595.18994140625
2000-08-11,3644.610107421875
2000-08-14,3719.610107421875
2000-08-15,3722.6201171875
2000-08-16,3721.25
2000-08-17,3830.590087890625
2000-08-18,3807.510009765625
2000-08-21,3827.6201171875
2000-08-22,3827.889892578125
2000-08-23,3896.919921875
2000-08-24,3949.570068359375
2000-08-25,3931.25
2000-08-28,3954.239990234375
2000-08-29,3951.93994140625
2000-08-30,3968.72998046875
2000-08-31,4077.590087890625
2000-09-01,4099.2998046875
2000-09-05,3987.030029296875
2000-09-06,3837.6201171875
2000-09-07,3953.360107421875
2000-09-08,3813.43994140625
2000-09-11,3706.739990234375
2000-09-12,3666.8701171875
2000-09-13,3741.75
2000-09-14,3737.419921875
2000-09-15,3676.330078125
2000-09-18,3585.52001953125
2000-09-19,3756.39990234375
2000-09-20,3790.449951171875
2000-09-21,3718.14990234375
2000-09-22,3701.179931640625
2000-09-25,3622.10009765625
2000-09-26,3582.590087890625
2000-09-27,3571.89990234375
2000-09-28,3725.14990234375
2000-09-29,3570.610107421875
2000-10-02,3457.969970703125
2000-10-03,3353.340087890625
2000-10-04,3453.360107421875
2000-10-05,3424.320068359375
2000-10-06,3311.93994140625
2000-10-09,3318.89990234375
2000-10-10,3188.2900390625
2000-10-11,3100.530029296875
2000-10-12,3004.449951171875
2000-10-13,3277.77001953125
2000-10-16,3249.4599609375
2000-10-17,3172.18994140625
2000-10-18,3139.31005859375
2000-10-19,3402.949951171875
2000-10-20,3456.610107421875
2000-10-23,3422.0
2000-10-24,3353.260009765625
2000-10-25,3107.610107421875
2000-10-26,3167.139892578125
2000-10-27,3175.25
2000-10-30,3081.070068359375
2000-10-31,3282.300048828125
2000-11-01,3225.27001953125
2000-11-02,3308.47998046875
2000-11-03,3321.909912109375
2000-11-06,3290.469970703125
2000-11-07,3279.570068359375
2000-11-08,3059.090087890625
2000-11-09,3057.06005859375
2000-11-10,2890.260009765625
2000-11-13,2836.6201171875
2000-11-14,3039.5
2000-11-15,3076.699951171875
2000-11-16,2925.159912109375
2000-11-17,2934.81005859375
2000-11-20,2792.409912109375
2000-11-21,2786.530029296875
2000-11-22,2668.25
2000-11-24,2830.090087890625
2000-11-27,2769.320068359375
2000-11-28,2621.110107421875
2000-11-29,2602.85009765625
2000-11-30,2506.5400390625
2000-12-01,2549.739990234375
2000-12-04,2554.39990234375
2000-12-05,2852.8701171875
2000-12-06,2743.699951171875
2000-12-07,2719.909912109375
2000-12-08,2895.389892578125
2000-12-11,2972.909912109375
2000-12-12,2863.2099609375
2000-12-13,2748.8798828125
2000-12-14,2639.260009765625
2000-12-15,2543.090087890625
2000-12-18,2543.090087890625
2000-12-19,2399.6298828125
2000-12-20,2210.320068359375
2000-12-21,2224.840087890625
2000-12-22,2436.260009765625
2000-12-26,2404.60009765625
2000-12-27,2460.2099609375
2000-12-28,2464.6201171875
2000-12-29,2341.699951171875
2001-01-02,2128.780029296875
2001-01-03,2528.3798828125
2001-01-04,2460.0400390625
2001-01-05,2267.85009765625
2001-01-08,2281.5400390625
2001-01-09,2311.39990234375
2001-01-10,2413.7099609375
2001-01-11,2524.2900390625
2001-01-12,2506.050048828125
2001-01-16,2470.719970703125
2001-01-17,2558.669921875
2001-01-18,2670.469970703125
2001-01-19,2655.77001953125
2001-01-22,2643.1298828125
2001-01-23,2730.050048828125
2001-01-24,2726.449951171875
2001-01-25,2595.85009765625
2001-01-26,2631.780029296875
2001-01-29,2694.530029296875
2001-01-30,2686.139892578125
2001-01-31,2593.0
2001-02-01,2607.159912109375
2001-02-02,2472.179931640625
2001-02-05,2467.300048828125
2001-02-06,2473.239990234375
2001-02-07,2409.659912109375
2001-02-08,2355.669921875
2001-02-09,2261.77001953125
2001-02-12,2286.760009765625
2001-02-13,2208.39990234375
2001-02-14,2305.820068359375
2001-02-15,2371.0400390625
2001-02-16,2212.510009765625
2001-02-20,2095.110107421875
2001-02-21,2058.5400390625
2001-02-22,2032.4200439453125
2001-02-23,2056.06005859375
2001-02-26,2097.639892578125
2001-02-27,1964.52001953125
2001-02-28,1908.3199462890625
2001-03-01,1968.02001953125
2001-03-02,1881.3399658203125
2001-03-05,1916.6800537109375
2001-03-06,1976.31005859375
2001-03-07,1996.22998046875
2001-03-08,1938.1500244140625
2001-03-09,1813.02001953125
2001-03-12,1680.6400146484375
2001-03-13,1789.699951171875
2001-03-14,1745.1300048828125
2001-03-15,1697.9200439453125
2001-03-16,1647.510009765625
2001-03-19,1730.4599609375
2001-03-20,1614.469970703125
2001-03-21,1605.0400390625
2001-03-22,1701.9000244140625
2001-03-23,1705.02001953125
2001-03-26,1676.9000244140625
2001-03-27,1735.6300048828125
2001-03-28,1602.219970703125
2001-03-29,1563.1400146484375
2001-03-30,1573.25
2001-04-02,1516.5799560546875
2001-04-03,1399.050048828125
2001-04-04,1370.75
2001-04-05,1519.050048828125
2001-04-06,1448.1600341796875
2001-04-09,1481.219970703125
2001-04-10,1597.8699951171875
2001-04-11,1647.3599853515625
2001-04-12,1714.2900390625
2001-04-16,1650.2099609375
2001-04-17,1671.510009765625
2001-04-18,1830.7900390625
2001-04-19,1953.280029296875
2001-04-20,1933.5699462890625
2001-04-23,1811.8900146484375
2001-04-24,1762.2099609375
2001-04-25,1814.3299560546875
2001-04-26,1763.3299560546875
2001-04-27,1810.469970703125
2001-04-30,1855.1500244140625
2001-05-01,1919.010009765625
2001-05-02,1962.4200439453125
2001-05-03,1877.800048828125
2001-05-04,1924.1199951171875
2001-05-07,1895.4100341796875
2001-05-08,1929.239990234375
2001-05-09,1876.5999755859375
2001-05-10,1838.3199462890625
2001-05-11,1821.199951171875
2001-05-14,1795.06005859375
2001-05-15,1797.0799560546875
2001-05-16,1899.469970703125
2001-05-17,1925.1400146484375
2001-05-18,1927.68994140625
2001-05-21,2052.570068359375
2001-05-22,2042.9300537109375
2001-05-23,1957.56005859375
2001-05-24,2003.3699951171875
2001-05-25,1960.739990234375
2001-05-29,1873.530029296875
2001-05-30,1779.0
2001-05-31,1799.8900146484375
2001-06-01,1840.8299560546875
2001-06-04,1838.8399658203125
2001-06-05,1923.9000244140625
2001-06-06,1903.8399658203125
2001-06-07,1963.31005859375
2001-06-08,1896.219970703125
2001-06-11,1846.5
2001-06-12,1852.030029296875
2001-06-13,1790.2099609375
2001-06-14,1711.3900146484375
2001-06-15,1701.530029296875
2001-06-18,1666.489990234375
2001-06-19,1675.9000244140625
2001-06-20,1721.56005859375
2001-06-21,1751.219970703125
2001-06-22,1727.469970703125
2001-06-25,1743.9000244140625
2001-06-26,1751.6199951171875
2001-06-27,1756.02001953125
2001-06-28,1808.93994140625
2001-06-29,1830.18994140625
2001-07-02,1830.18994140625
2001-07-03,1822.1600341796875
2001-07-05,1751.0
2001-07-06,1668.5899658203125
2001-07-09,1697.050048828125
2001-07-10,1624.949951171875
2001-07-11,1641.56005859375
2001-07-12,1750.1300048828125
2001-07-13,1751.1099853515625
2001-07-16,1685.739990234375
2001-07-17,1729.550048828125
2001-07-18,1666.8699951171875
2001-07-19,1695.8900146484375
2001-07-20,1676.4599609375
2001-07-23,1629.9300537109375
2001-07-24,1604.8599853515625
2001-07-25,1627.8599853515625
2001-07-26,1673.3900146484375
2001-07-27,1683.1800537109375
2001-07-30,1670.030029296875
2001-07-31,1683.6099853515625
2001-08-01,1729.530029296875
2001-08-02,1751.449951171875
2001-08-03,1725.9000244140625
2001-08-06,1702.8399658203125
2001-08-07,1696.3699951171875
2001-08-08,1626.199951171875
2001-08-09,1628.9200439453125
2001-08-10,1617.449951171875
2001-08-13,1653.27001953125
2001-08-14,1629.949951171875
2001-08-15,1572.030029296875
2001-08-16,1581.97998046875
2001-08-17,1516.5799560546875
2001-08-20,1535.989990234375
2001-08-21,1480.739990234375
2001-08-22,1515.4100341796875
2001-08-23,1496.97998046875
2001-08-24,1579.6199951171875
2001-08-27,1578.3299560546875
2001-08-28,1526.300048828125
2001-08-29,1499.760009765625
2001-08-30,1453.9000244140625
2001-08-31,1469.699951171875
2001-09-04,1424.1199951171875
2001-09-05,1415.300048828125
2001-09-06,1361.68994140625
2001-09-07,1354.27001953125
2001-09-10,1365.3900146484375
2001-09-17,1252.699951171875
2001-09-18,1224.6400146484375
2001-09-19,1208.22998046875
2001-09-20,1166.27001953125
2001-09-21,1126.949951171875
2001-09-24,1191.02001953125
2001-09-25,1187.77001953125
2001-09-26,1143.47998046875
2001-09-27,1144.27001953125
2001-09-28,1168.3699951171875
2001-10-01,1151.239990234375
2001-10-02,1159.3699951171875
2001-10-03,1249.4100341796875
2001-10-04,1260.6600341796875
2001-10-05,1271.72998046875
2001-10-08,1279.6300048828125
2001-10-09,1244.56005859375
2001-10-10,1304.6800537109375
2001-10-11,1389.8699951171875
2001-10-12,1393.8399658203125
2001-10-15,1378.9200439453125
2001-10-16,1404.81005859375
2001-10-17,1314.800048828125
2001-10-18,1330.3299560546875
2001-10-19,1347.5899658203125
2001-10-22,1383.0699462890625
2001-10-23,1384.06005859375
2001-10-24,1424.68994140625
2001-10-25,1479.050048828125
2001-10-26,1454.9000244140625
2001-10-29,1374.5799560546875
2001-10-30,1342.260009765625
2001-10-31,1364.780029296875
2001-11-01,1424.1500244140625
2001-11-02,1425.780029296875
2001-11-05,1480.2099609375
2001-11-06,1523.0899658203125
2001-11-07,1524.6700439453125
2001-11-08,1510.5999755859375
2001-11-09,1514.9599609375
2001-11-12,1528.75
2001-11-13,1580.760009765625
2001-11-14,1585.8900146484375
2001-11-15,1582.5799560546875
2001-11-16,1582.1400146484375
2001-11-19,1617.5799560546875
2001-11-20,1549.699951171875
2001-11-21,1552.010009765625
2001-11-23,1577.469970703125
2001-11-26,1619.6500244140625
2001-11-27,1609.8699951171875
2001-11-28,1557.030029296875
2001-11-29,1599.300048828125
2001-11-30,1596.050048828125
2001-12-03,1567.5400390625
2001-12-04,1634.27001953125
2001-12-05,1720.9100341796875
2001-12-06,1717.969970703125
2001-12-07,1673.9000244140625
2001-12-10,1645.3599853515625
2001-12-11,1661.27001953125
2001-12-12,1669.949951171875
2001-12-13,1601.9100341796875
2001-12-14,1605.6700439453125
2001-12-17,1640.3399658203125
2001-12-18,1657.6800537109375
2001-12-19,1628.68994140625
2001-12-20,1557.3599853515625
2001-12-21,1578.27001953125
2001-12-24,1577.31005859375
2001-12-26,1590.8399658203125
2001-12-27,1606.47998046875
2001-12-28,1621.1300048828125
2001-12-31,1577.050048828125
2002-01-02,1610.3900146484375
2002-01-03,1666.6600341796875
2002-01-04,1675.030029296875
2002-01-07,1649.8299560546875
2002-01-08,1666.5799560546875
2002-01-09,1653.760009765625
2002-01-10,1656.6800537109375
2002-01-11,1634.1700439453125
2002-01-14,1603.760009765625
2002-01-15,1612.4599609375
2002-01-16,1558.97998046875
2002-01-17,1602.3199462890625
2002-01-18,1548.219970703125
2002-01-22,1501.780029296875
2002-01-23,1549.2099609375
2002-01-24,1565.1300048828125
2002-01-25,1558.260009765625
2002-01-28,1564.8599853515625
2002-01-29,1519.3299560546875
2002-01-30,1538.93994140625
2002-01-31,1550.1700439453125
2002-02-01,1528.1500244140625
2002-02-04,1479.1700439453125
2002-02-05,1462.8599853515625
2002-02-06,1445.9599609375
2002-02-07,1413.8599853515625
2002-02-08,1452.1700439453125
2002-02-11,1477.6400146484375
2002-02-12,1464.760009765625
2002-02-13,1486.75
2002-02-14,1474.7099609375
2002-02-15,1436.699951171875
2002-02-19,1387.27001953125
2002-02-20,1408.260009765625
2002-02-21,1348.25
2002-02-22,1356.1600341796875
2002-02-25,1407.989990234375
2002-02-26,1401.18994140625
2002-02-27,1378.47998046875
2002-02-28,1359.219970703125
2002-03-01,1435.4100341796875
2002-03-04,1494.699951171875
2002-03-05,1498.949951171875
2002-03-06,1519.949951171875
2002-03-07,1506.81005859375
2002-03-08,1555.1099853515625
2002-03-11,1553.800048828125
2002-03-12,1520.5400390625
2002-03-13,1486.27001953125
2002-03-14,1477.18994140625
2002-03-15,1495.4100341796875
2002-03-18,1505.8900146484375
2002-03-19,1504.6700439453125
2002-03-20,1451.02001953125
2002-03-21,1488.969970703125
2002-03-22,1470.0999755859375
2002-03-25,1427.5999755859375
2002-03-26,1439.550048828125
2002-03-27,1436.510009765625
2002-03-28,1452.81005859375
2002-04-01,1478.52001953125
2002-04-02,1410.4100341796875
2002-04-03,1394.2099609375
2002-04-04,1396.969970703125
2002-04-05,1376.719970703125
2002-04-08,1392.9599609375
2002-04-09,1345.3199462890625
2002-04-10,1363.2900390625
2002-04-11,1324.6500244140625
2002-04-12,1351.8499755859375
2002-04-15,1355.0899658203125
2002-04-16,1413.9300537109375
2002-04-17,1403.7099609375
2002-04-18,1395.9000244140625
2002-04-19,1385.010009765625
2002-04-22,1349.8299560546875
2002-04-23,1322.81005859375
2002-04-24,1302.3199462890625
2002-04-25,1302.3199462890625
2002-04-26,1250.8900146484375
2002-04-29,1246.75
2002-04-30,1277.0699462890625
2002-05-01,1267.43994140625
2002-05-02,1225.3699951171875
2002-05-03,1190.739990234375
2002-05-06,1161.1600341796875
2002-05-07,1159.25
2002-05-08,1282.4100341796875
2002-05-09,1240.4100341796875
2002-05-10,1188.780029296875
2002-05-13,1241.5400390625
2002-05-14,1305.550048828125
2002-05-15,1311.050048828125
2002-05-16,1315.8499755859375
2002-05-17,1325.800048828125
2002-05-20,1292.2099609375
2002-05-21,1255.9100341796875
2002-05-22,1264.510009765625
2002-05-23,1286.77001953125
2002-05-24,1253.030029296875
2002-05-28,1244.8199462890625
2002-05-29,1218.6800537109375
2002-05-30,1227.9000244140625
2002-05-31,1208.3399658203125
2002-06-03,1159.1500244140625
2002-06-04,1178.800048828125
2002-06-05,1195.5999755859375
2002-06-06,1157.6199951171875
2002-06-07,1140.239990234375
2002-06-10,1135.6199951171875
2002-06-11,1100.969970703125
2002-06-12,1123.3399658203125
2002-06-13,1106.5400390625
2002-06-14,1109.5999755859375
2002-06-17,1149.9100341796875
2002-06-18,1138.469970703125
2002-06-19,1097.5400390625
2002-06-20,1062.449951171875
2002-06-21,1035.6300048828125
2002-06-24,1057.6800537109375
2002-06-25,1022.739990234375
2002-06-26,1027.219970703125
2002-06-27,1050.6400146484375
2002-06-28,1051.4100341796875
2002-07-01,998.1699829101562
2002-07-02,963.6599731445312
2002-07-03,995.6799926757812
2002-07-05,1060.8900146484375
2002-07-08,1014.3300170898438
2002-07-09,990.22998046875
2002-07-10,959.0499877929688
2002-07-11,998.030029296875
2002-07-12,1000.8200073242188
2002-07-15,1021.02001953125
2002-07-16,1011.2999877929688
2002-07-17,1028.739990234375
2002-07-18,994.6099853515625
2002-07-19,965.3699951171875
2002-07-22,939.0999755859375
2002-07-23,896.8200073242188
2002-07-24,951.5800170898438
2002-07-25,894.4500122070312
2002-07-26,910.9099731445312
2002-07-29,970.1300048828125
2002-07-30,980.3599853515625
2002-07-31,962.0999755859375
2002-08-01,913.5900268554688
2002-08-02,892.510009765625
2002-08-05,857.0800170898438
2002-08-06,901.9099731445312
2002-08-07,919.0800170898438
2002-08-08,947.239990234375
2002-08-09,937.3300170898438
2002-08-12,938.97998046875
2002-08-13,907.6199951171875
2002-08-14,968.8400268554688
2002-08-15,980.97998046875
2002-08-16,996.0599975585938
2002-08-19,1026.06005859375
2002-08-20,1008.02001953125
2002-08-21,1035.469970703125
2002-08-22,1049.030029296875
2002-08-23,1010.489990234375
2002-08-26,1016.7899780273438
2002-08-27,974.469970703125
2002-08-28,944.8300170898438
2002-08-29,961.75
2002-08-30,942.3800048828125
2002-09-03,899.6400146484375
2002-09-04,920.97998046875
2002-09-05,882.9199829101562
2002-09-06,922.219970703125
2002-09-09,932.22998046875
2002-09-10,947.719970703125
2002-09-11,946.4000244140625
2002-09-12,915.010009765625
2002-09-13,923.8300170898438
2002-09-16,908.47998046875
2002-09-17,897.530029296875
2002-09-18,895.2000122070312
2002-09-19,865.9299926757812
2002-09-20,871.5999755859375
2002-09-23,843.0800170898438
2002-09-24,843.6099853515625
2002-09-25,880.4400024414062
2002-09-26,873.739990234375
2002-09-27,860.3499755859375
2002-09-30,832.52001953125
2002-10-01,870.6300048828125
2002-10-02,849.5499877929688
2002-10-03,833.2100219726562
2002-10-04,815.4000244140625
2002-10-07,804.6400146484375
2002-10-08,811.5
2002-10-09,807.4199829101562
2002-10-10,849.5700073242188
2002-10-11,890.6099853515625
2002-10-14,900.75
2002-10-15,950.4199829101562
2002-10-16,910.1300048828125
2002-10-17,945.0599975585938
2002-10-18,956.1300048828125
2002-10-21,979.3499755859375
2002-10-22,963.8699951171875
2002-10-23,989.3200073242188
2002-10-24,964.9099731445312
2002-10-25,995.5499877929688
2002-10-28,979.5499877929688
2002-10-29,960.8200073242188
2002-10-30,986.0900268554688
